insert into vrstanepremicnine (vrsta) values("Stanovanje");
insert into vrstanepremicnine (vrsta) values("Hiša");
insert into vrstanepremicnine (vrsta) values("Posest");

insert into agent (ime,priimek,email,telefonskaSt,geslo) values ("Luka","Četina","luka.cetina@student.um.si","041643252","lukacetina");
insert into agent (ime,priimek,email,telefonskaSt,geslo) values ("David","Žele","david.zele@student.um.si","041635345","davidzele");
insert into agent (ime,priimek,email,telefonskaSt,geslo) values ("Eva","Smolak","eva.smolak@student.um.si","031653123","evasmolak");
insert into agent (ime,priimek,email,telefonskaSt,geslo) values ("Žan","Kovač","zan.kovac1@student.um.si","080653364","zankovac");
insert into agent (ime,priimek,email,telefonskaSt,geslo) values ("Bartolomej","Modelić","bard@slab.si","086321678","jov");


INSERT INTO `kraj` (`idKraj`,`imeKraja`,`postnaSt`) VALUES (1,'Petrovče',3301);
INSERT INTO `kraj` (`idKraj`,`imeKraja`,`postnaSt`) VALUES (2,'Novo Mesto',8000);
INSERT INTO `kraj` (`idKraj`,`imeKraja`,`postnaSt`) VALUES (3,'Krško',8270);
INSERT INTO `kraj` (`idKraj`,`imeKraja`,`postnaSt`) VALUES (4,'Prebold',3312);
INSERT INTO `kraj` (`idKraj`,`imeKraja`,`postnaSt`) VALUES (5,'Postojna',6230);
INSERT INTO `kraj` (`idKraj`,`imeKraja`,`postnaSt`) VALUES (6,'Ljubljana',1000);
INSERT INTO `kraj` (`idKraj`,`imeKraja`,`postnaSt`) VALUES (7,'Dobrnič',8211);
INSERT INTO `kraj` (`idKraj`,`imeKraja`,`postnaSt`) VALUES (8,'Koper',6000);
INSERT INTO `kraj` (`idKraj`,`imeKraja`,`postnaSt`) VALUES (9,'Kamnik',1241);
INSERT INTO `kraj` (`idKraj`,`imeKraja`,`postnaSt`) VALUES (10,'Kidričevo',2325);
INSERT INTO `kraj` (`idKraj`,`imeKraja`,`postnaSt`) VALUES (11,'Maribor',2000);
INSERT INTO `kraj` (`idKraj`,`imeKraja`,`postnaSt`) VALUES (12,'Škofja vas',3211);
INSERT INTO `kraj` (`idKraj`,`imeKraja`,`postnaSt`) VALUES (13,'Bled',4260);
INSERT INTO `kraj` (`idKraj`,`imeKraja`,`postnaSt`) VALUES (14,'Kranj',4000);
INSERT INTO `kraj` (`idKraj`,`imeKraja`,`postnaSt`) VALUES (15,'Murska Sobota',9000);
INSERT INTO `kraj` (`idKraj`,`imeKraja`,`postnaSt`) VALUES (16,'Domžale',1230);
INSERT INTO `kraj` (`idKraj`,`imeKraja`,`postnaSt`) VALUES (17,'Dolenjske Toplice',8350);
INSERT INTO `kraj` (`idKraj`,`imeKraja`,`postnaSt`) VALUES (18,'Šmartno pri Slovenj Gradcu',2383);
INSERT INTO `kraj` (`idKraj`,`imeKraja`,`postnaSt`) VALUES (19,'Portorož',6320);
INSERT INTO `kraj` (`idKraj`,`imeKraja`,`postnaSt`) VALUES (20,'Velenje',3320);
INSERT INTO `kraj` (`idKraj`,`imeKraja`,`postnaSt`) VALUES (21,'Celje',3000);


INSERT INTO `naslov` (`idNaslov`,`ulica`,`hisnaSt`,`Kraj_idKraj`) VALUES (1,'Kasaze','109',1);
INSERT INTO `naslov` (`idNaslov`,`ulica`,`hisnaSt`,`Kraj_idKraj`) VALUES (2,'Veliki Vrh','7',2);
INSERT INTO `naslov` (`idNaslov`,`ulica`,`hisnaSt`,`Kraj_idKraj`) VALUES (3,'Zlateče','23',3);
INSERT INTO `naslov` (`idNaslov`,`ulica`,`hisnaSt`,`Kraj_idKraj`) VALUES (4,'Latkova vas','174',4);
INSERT INTO `naslov` (`idNaslov`,`ulica`,`hisnaSt`,`Kraj_idKraj`) VALUES (5,'Hmeljarska cesta','17',5);
INSERT INTO `naslov` (`idNaslov`,`ulica`,`hisnaSt`,`Kraj_idKraj`) VALUES (6,'Ljubijankićeva','24',6);
INSERT INTO `naslov` (`idNaslov`,`ulica`,`hisnaSt`,`Kraj_idKraj`) VALUES (7,'Ljetelkova','1',7);
INSERT INTO `naslov` (`idNaslov`,`ulica`,`hisnaSt`,`Kraj_idKraj`) VALUES (8,'Požarovlja','57c',8);
INSERT INTO `naslov` (`idNaslov`,`ulica`,`hisnaSt`,`Kraj_idKraj`) VALUES (9,'Založeno','29',9);
INSERT INTO `naslov` (`idNaslov`,`ulica`,`hisnaSt`,`Kraj_idKraj`) VALUES (10,'Kostnikovo','12',10);
INSERT INTO `naslov` (`idNaslov`,`ulica`,`hisnaSt`,`Kraj_idKraj`) VALUES (11,'Podljevin','3b',11);
INSERT INTO `naslov` (`idNaslov`,`ulica`,`hisnaSt`,`Kraj_idKraj`) VALUES (12,'Arclin','67a',12);
INSERT INTO `naslov` (`idNaslov`,`ulica`,`hisnaSt`,`Kraj_idKraj`) VALUES (13,'Razlagova ulica','14',11);
INSERT INTO `naslov` (`idNaslov`,`ulica`,`hisnaSt`,`Kraj_idKraj`) VALUES (14,'Metjeova','2',13);
INSERT INTO `naslov` (`idNaslov`,`ulica`,`hisnaSt`,`Kraj_idKraj`) VALUES (15,'Hilbiljova','14',14);
INSERT INTO `naslov` (`idNaslov`,`ulica`,`hisnaSt`,`Kraj_idKraj`) VALUES (16,'Breg sred ničesar','66',15);
INSERT INTO `naslov` (`idNaslov`,`ulica`,`hisnaSt`,`Kraj_idKraj`) VALUES (17,'Askercova','8',16);
INSERT INTO `naslov` (`idNaslov`,`ulica`,`hisnaSt`,`Kraj_idKraj`) VALUES (18,'Mislijeva','21',17);
INSERT INTO `naslov` (`idNaslov`,`ulica`,`hisnaSt`,`Kraj_idKraj`) VALUES (19,'Mislinjska Dobrava','23',18);
INSERT INTO `naslov` (`idNaslov`,`ulica`,`hisnaSt`,`Kraj_idKraj`) VALUES (20,'Arnijova','6',19);
INSERT INTO `naslov` (`idNaslov`,`ulica`,`hisnaSt`,`Kraj_idKraj`) VALUES (21,'Velenjska cesta','6a',20);
INSERT INTO `naslov` (`idNaslov`,`ulica`,`hisnaSt`,`Kraj_idKraj`) VALUES (22,'Kajetova ulica','66',21);



INSERT INTO `nepremicnina` (`idNepremicnina`,`cena`,`kvadraturaBivalnegaProstora`,`skupnaKvadratura`,`steviloSob`,`letoIzgradnje`,`nadstropje`,`letoPrenove`,`garaza`,`balkon`,`opis`,`vrstaHise`,`tipPosesti`,`prodano`,`datumObjave`,`tk_id_naslov`,`tk_id_vrstaNepremicnine`,`Agent_idAgent`) VALUES (1,68500,NULL,76,3,1976,4,0,0,1,'Stanovanje se prodaja opremljeno. Stanovanjski blok ima obnovljeno streho in balkone. Prav tako so lastniki v celotni obnovili kopalnico. Sama lega je odlična saj je stanovanje na južni strani in ima dva balkona, enega na vzhodni in drugega na zahodni strani. ',NULL,NULL,0,'2018-06-08',1,1,2);
INSERT INTO `nepremicnina` (`idNepremicnina`,`cena`,`kvadraturaBivalnegaProstora`,`skupnaKvadratura`,`steviloSob`,`letoIzgradnje`,`nadstropje`,`letoPrenove`,`garaza`,`balkon`,`opis`,`vrstaHise`,`tipPosesti`,`prodano`,`datumObjave`,`tk_id_naslov`,`tk_id_vrstaNepremicnine`,`Agent_idAgent`) VALUES (2,230000,400,5543,NULL,1982,NULL,2010,1,NULL,'V naravnem in mirnem okolju na Velikem vrhu pri Novem Mestu, vam v nakup lahko ponudimo prostorno stanovanjsko hišo z gospodarskim poslopjem. Lepa lega hiše ob gozdu in travniku, dovolj bivalnega prostora za bivanje vaše družine in dodaten prostor, ki vam lahko služi za poslovno rabo je odlična nakupna priložnost.','Samostojna',NULL,0,'2018-06-08',29,2,2);
INSERT INTO `nepremicnina` (`idNepremicnina`,`cena`,`kvadraturaBivalnegaProstora`,`skupnaKvadratura`,`steviloSob`,`letoIzgradnje`,`nadstropje`,`letoPrenove`,`garaza`,`balkon`,`opis`,`vrstaHise`,`tipPosesti`,`prodano`,`datumObjave`,`tk_id_naslov`,`tk_id_vrstaNepremicnine`,`Agent_idAgent`) VALUES (3,30000,NULL,800,NULL,NULL,NULL,NULL,NULL,NULL,'V umirjenem naravnem okolju kjer ste deležni sončnih žarkov preko celotnega dne je na prodaj stavbno zemljišče kot del večjega (1.600m2) zemljišča. Vsa komunalna in energetska infrastruktura se nahaja že na parceli oz. v neposredni bližini. Na zemljišču stojta dva objekta, ki ju je potrebno porušiti.',NULL,'Zazidljiva',0,'2018-06-08',28,3,2);
INSERT INTO `nepremicnina` (`idNepremicnina`,`cena`,`kvadraturaBivalnegaProstora`,`skupnaKvadratura`,`steviloSob`,`letoIzgradnje`,`nadstropje`,`letoPrenove`,`garaza`,`balkon`,`opis`,`vrstaHise`,`tipPosesti`,`prodano`,`datumObjave`,`tk_id_naslov`,`tk_id_vrstaNepremicnine`,`Agent_idAgent`) VALUES (4,44900,NULL,1058,NULL,NULL,NULL,NULL,NULL,NULL,'V Latkovi vasi je na prodaj zemljišče z odlično južno lego. Nahaja se v mirnem predelu naselja, do tja se pripeljete po javni asfaltni cesti (slepa ulica), ki nadalje vodi do maloštevilnih hiš - torej v tem delu praktično ni prometa. \r\n\r\nNa parceli se že nahaja kanalizacijski jašek, telekomunikacijska omarica. Vodovodno in elektro omrežje poteka ob parcelni meji s cesto. ',NULL,'Zazidljiva',0,'2018-06-08',4,3,1);
INSERT INTO `nepremicnina` (`idNepremicnina`,`cena`,`kvadraturaBivalnegaProstora`,`skupnaKvadratura`,`steviloSob`,`letoIzgradnje`,`nadstropje`,`letoPrenove`,`garaza`,`balkon`,`opis`,`vrstaHise`,`tipPosesti`,`prodano`,`datumObjave`,`tk_id_naslov`,`tk_id_vrstaNepremicnine`,`Agent_idAgent`) VALUES (5,60000,NULL,48,3,1990,2,2007,0,0,'Stanovanje se nahaja v 2.nadstropju. Sestavljajo ga 2 spalnici in bivalna kuhinja ter kopalnica. Stanovanje je bilo obnoljeno leta 2007.\r\nV stanovanju ostane kuhinja z belo tehniko, jedilni kot ter vgradni elementi.',NULL,NULL,0,'2018-06-08',27,1,1);
INSERT INTO `nepremicnina` (`idNepremicnina`,`cena`,`kvadraturaBivalnegaProstora`,`skupnaKvadratura`,`steviloSob`,`letoIzgradnje`,`nadstropje`,`letoPrenove`,`garaza`,`balkon`,`opis`,`vrstaHise`,`tipPosesti`,`prodano`,`datumObjave`,`tk_id_naslov`,`tk_id_vrstaNepremicnine`,`Agent_idAgent`) VALUES (6,129000,450,130,NULL,2015,NULL,0,0,NULL,'Odlična priložnost za nakup hiše na izjemni lokaciji. Nameščene so grobe inštalacije in estrihi.','Samostojna',NULL,0,'2018-06-08',26,2,1);
INSERT INTO `nepremicnina` (`idNepremicnina`,`cena`,`kvadraturaBivalnegaProstora`,`skupnaKvadratura`,`steviloSob`,`letoIzgradnje`,`nadstropje`,`letoPrenove`,`garaza`,`balkon`,`opis`,`vrstaHise`,`tipPosesti`,`prodano`,`datumObjave`,`tk_id_naslov`,`tk_id_vrstaNepremicnine`,`Agent_idAgent`) VALUES (7,105000,NULL,140,5,1930,1,2008,0,1,'Dve ločeni stanovanjski enoti, neposredna bližina bolnice nudi možnost ureditve zasebne ambulante, parkirna mesta',NULL,NULL,0,'2018-06-08',25,1,4);
INSERT INTO `nepremicnina` (`idNepremicnina`,`cena`,`kvadraturaBivalnegaProstora`,`skupnaKvadratura`,`steviloSob`,`letoIzgradnje`,`nadstropje`,`letoPrenove`,`garaza`,`balkon`,`opis`,`vrstaHise`,`tipPosesti`,`prodano`,`datumObjave`,`tk_id_naslov`,`tk_id_vrstaNepremicnine`,`Agent_idAgent`) VALUES (8,198000,250,1150,NULL,2008,NULL,0,0,NULL,'Novejša energetsko varčna hiša, velika parcela, blizu AC priključka...','Samostojna',NULL,0,'2018-06-08',24,2,4);
INSERT INTO `nepremicnina` (`idNepremicnina`,`cena`,`kvadraturaBivalnegaProstora`,`skupnaKvadratura`,`steviloSob`,`letoIzgradnje`,`nadstropje`,`letoPrenove`,`garaza`,`balkon`,`opis`,`vrstaHise`,`tipPosesti`,`prodano`,`datumObjave`,`tk_id_naslov`,`tk_id_vrstaNepremicnine`,`Agent_idAgent`) VALUES (9,18000,NULL,650,NULL,NULL,NULL,NULL,NULL,NULL,'V bližini se nahaja vsa potrebna infrastruktura kot so voda, elektrika, telekomunikacije in dostop. Za posamezne objekte so predvidene čistilne naprave.\r\nSama lokacija je zelo prijetna in mirna.',NULL,'Nezazidljiva',0,'2018-06-08',23,3,4);
INSERT INTO `nepremicnina` (`idNepremicnina`,`cena`,`kvadraturaBivalnegaProstora`,`skupnaKvadratura`,`steviloSob`,`letoIzgradnje`,`nadstropje`,`letoPrenove`,`garaza`,`balkon`,`opis`,`vrstaHise`,`tipPosesti`,`prodano`,`datumObjave`,`tk_id_naslov`,`tk_id_vrstaNepremicnine`,`Agent_idAgent`) VALUES (10,150000,NULL,5400,NULL,NULL,NULL,NULL,NULL,NULL,'Osončenost zagotovljena preko celotnega dne. V mestecu, ki je oddaljeno le nekaj minut vožnje se nahaja vrtec, šola, zdravstveni dom, trgovine, športne površine, gostinska ponudba in še marsikaj. Avtocestni uvoz je oddaljen cca 4km. ',NULL,'Zazidljiva',0,'2018-06-08',10,3,5);
INSERT INTO `nepremicnina` (`idNepremicnina`,`cena`,`kvadraturaBivalnegaProstora`,`skupnaKvadratura`,`steviloSob`,`letoIzgradnje`,`nadstropje`,`letoPrenove`,`garaza`,`balkon`,`opis`,`vrstaHise`,`tipPosesti`,`prodano`,`datumObjave`,`tk_id_naslov`,`tk_id_vrstaNepremicnine`,`Agent_idAgent`) VALUES (11,90000,140,241,NULL,1937,NULL,0,0,NULL,'Ponujamo stanovanjsko hišo primerno za bivanje več oseb ali stanovnjsko rabo. V prvi etaži hiše je eno in dvsobno stanovanje. V drugi etaži se nahaja 3-sobno stanovnaje. Hiša ima 6 sob, 2 kopalnice in 3 kuhinje. Pripadajoče funkcionalno zemljišče je velikosti 241.','Samostojna',NULL,0,'2018-06-08',11,2,5);
INSERT INTO `nepremicnina` (`idNepremicnina`,`cena`,`kvadraturaBivalnegaProstora`,`skupnaKvadratura`,`steviloSob`,`letoIzgradnje`,`nadstropje`,`letoPrenove`,`garaza`,`balkon`,`opis`,`vrstaHise`,`tipPosesti`,`prodano`,`datumObjave`,`tk_id_naslov`,`tk_id_vrstaNepremicnine`,`Agent_idAgent`) VALUES (12,77000,NULL,117,4,1967,1,2004,0,0,'V Arclinu, le 2-3 minuti od Celja in AC priključka, vam v nakup ponujamo večje stanovanje v dveh etažah. Stanovanje in pripadajoči prostori so skupne velikosti cca.117m2 ter predstavljajo 2/3 večstanovanjske hiše. ',NULL,NULL,0,'2018-06-08',12,1,5);
INSERT INTO `nepremicnina` (`idNepremicnina`,`cena`,`kvadraturaBivalnegaProstora`,`skupnaKvadratura`,`steviloSob`,`letoIzgradnje`,`nadstropje`,`letoPrenove`,`garaza`,`balkon`,`opis`,`vrstaHise`,`tipPosesti`,`prodano`,`datumObjave`,`tk_id_naslov`,`tk_id_vrstaNepremicnine`,`Agent_idAgent`) VALUES (13,650000,2400,3000,NULL,1978,NULL,2001,1,NULL,'Na prodaj EPF Maribor. Ne sprašujte zakaj, tudi jaz ne vem.','Vrstna',NULL,0,'2018-06-08',13,2,4);
INSERT INTO `nepremicnina` (`idNepremicnina`,`cena`,`kvadraturaBivalnegaProstora`,`skupnaKvadratura`,`steviloSob`,`letoIzgradnje`,`nadstropje`,`letoPrenove`,`garaza`,`balkon`,`opis`,`vrstaHise`,`tipPosesti`,`prodano`,`datumObjave`,`tk_id_naslov`,`tk_id_vrstaNepremicnine`,`Agent_idAgent`) VALUES (14,59000,100,180,NULL,1962,NULL,0,0,NULL,'Na lokaciji ob cesti vam v nakup lahko ponudimo manjšo stanovanjsko hišo. Hiša je dvo-etažna. V pritlični etaži se nahaja kurilnica in trije pomožni prostori. V nadstropju se nahaja kuhinja, 3 sobe, stranišče in zidana niša, kjer se nahaja tuš kabina. Vsaka etaža meri cca.50 m2.','Samostojna',NULL,0,'2018-06-08',30,2,3);
INSERT INTO `nepremicnina` (`idNepremicnina`,`cena`,`kvadraturaBivalnegaProstora`,`skupnaKvadratura`,`steviloSob`,`letoIzgradnje`,`nadstropje`,`letoPrenove`,`garaza`,`balkon`,`opis`,`vrstaHise`,`tipPosesti`,`prodano`,`datumObjave`,`tk_id_naslov`,`tk_id_vrstaNepremicnine`,`Agent_idAgent`) VALUES (15,185000,117,530,NULL,2018,NULL,0,1,NULL,'Nimate časa, da bi se ukvarjali z gradnjo? Si tudi vi želite, da bi se lahko vaši otroci igrali v gozdu, v objemu narave, odmaknjeni od mestnih ulic? Bi se želeli po naporni službi spočiti na terasi s pogledom na drevesa in bližnje travnike? Bi se radi sprehodili skozi gozd do jezera, odjezdili s sosedovim konjem čez travnike ali odigrali golf na bližnjem golfišču?','Samostojna',NULL,0,'2018-06-08',31,2,3);
INSERT INTO `nepremicnina` (`idNepremicnina`,`cena`,`kvadraturaBivalnegaProstora`,`skupnaKvadratura`,`steviloSob`,`letoIzgradnje`,`nadstropje`,`letoPrenove`,`garaza`,`balkon`,`opis`,`vrstaHise`,`tipPosesti`,`prodano`,`datumObjave`,`tk_id_naslov`,`tk_id_vrstaNepremicnine`,`Agent_idAgent`) VALUES (16,124900,128,520,NULL,2018,NULL,0,1,NULL,'SAMO ŠE DVE ENOTI. V mirnem delu novo rastočega dela naselja v Ločica ob Nekireki, sta v gradnji dve stanovanjski hiši (dvojčka) z lepo sončno lego in vso potrebno infrastrukturo v neposredni bližini.','Dvojček',NULL,0,'2018-06-08',32,2,3);
INSERT INTO `nepremicnina` (`idNepremicnina`,`cena`,`kvadraturaBivalnegaProstora`,`skupnaKvadratura`,`steviloSob`,`letoIzgradnje`,`nadstropje`,`letoPrenove`,`garaza`,`balkon`,`opis`,`vrstaHise`,`tipPosesti`,`prodano`,`datumObjave`,`tk_id_naslov`,`tk_id_vrstaNepremicnine`,`Agent_idAgent`) VALUES (17,130000,NULL,89,3,1993,2,0,1,1,'Stanovanje sestavljajo 2 spalnici, dnevni prostor, ki je povezan s kuhinjo in balkonom, shramba in kopalnica.\r\n\r\nPredmet nakupa je tudi oprema stanovanja.\r\nStanovanje se prodaja skupaj z garažo.',NULL,NULL,1,'2018-06-08',33,1,3);
INSERT INTO `nepremicnina` (`idNepremicnina`,`cena`,`kvadraturaBivalnegaProstora`,`skupnaKvadratura`,`steviloSob`,`letoIzgradnje`,`nadstropje`,`letoPrenove`,`garaza`,`balkon`,`opis`,`vrstaHise`,`tipPosesti`,`prodano`,`datumObjave`,`tk_id_naslov`,`tk_id_vrstaNepremicnine`,`Agent_idAgent`) VALUES (18,120000,NULL,56,3,2004,2,2012,0,0,'V stanovanju je razporejena predsoba, kuhinja z jedilnico in dnevno sobo, otroška soba, kopalnica z masažno banjo, tušem in WC-jem, utility ter spalnica z manjšo kopalnico. Stanovanje ima zelo razgibano razporeditev, saj so vsi prehodi urejeni iz predsobe, do spalnice z manjšo kopalnico pa so urejene stopnice iz dnevnega prostora. ',NULL,NULL,0,'2018-06-08',34,1,3);
INSERT INTO `nepremicnina` (`idNepremicnina`,`cena`,`kvadraturaBivalnegaProstora`,`skupnaKvadratura`,`steviloSob`,`letoIzgradnje`,`nadstropje`,`letoPrenove`,`garaza`,`balkon`,`opis`,`vrstaHise`,`tipPosesti`,`prodano`,`datumObjave`,`tk_id_naslov`,`tk_id_vrstaNepremicnine`,`Agent_idAgent`) VALUES (19,95000,NULL,169,5,1875,2,0,0,0,'Velike sobane, visoki stropi in številni prostori vam ponujajo odlično priložnost ustvariti si nadstandardni dom.',NULL,NULL,0,'2018-06-08',19,1,3);
INSERT INTO `nepremicnina` (`idNepremicnina`,`cena`,`kvadraturaBivalnegaProstora`,`skupnaKvadratura`,`steviloSob`,`letoIzgradnje`,`nadstropje`,`letoPrenove`,`garaza`,`balkon`,`opis`,`vrstaHise`,`tipPosesti`,`prodano`,`datumObjave`,`tk_id_naslov`,`tk_id_vrstaNepremicnine`,`Agent_idAgent`) VALUES (20,42000,NULL,764,NULL,NULL,NULL,NULL,NULL,NULL,'Prodamo zazidljivo parcelo na odlični lokaciji na robu mestnega jedra v Portorožu. Parcela s sončno lego je od centra Portoroža oddaljena 1 minuto hoje. Je rahlo dvignjena nad mestom in ima posledično lep razgled v smeri obale.',NULL,'Zazidljiva',0,'2018-06-08',36,3,3);
INSERT INTO `nepremicnina` (`idNepremicnina`,`cena`,`kvadraturaBivalnegaProstora`,`skupnaKvadratura`,`steviloSob`,`letoIzgradnje`,`nadstropje`,`letoPrenove`,`garaza`,`balkon`,`opis`,`vrstaHise`,`tipPosesti`,`prodano`,`datumObjave`,`tk_id_naslov`,`tk_id_vrstaNepremicnine`,`Agent_idAgent`) VALUES (21,50000,NULL,8614,NULL,NULL,NULL,NULL,NULL,NULL,'V lepem, mirnem okolju, v Vinski Gori pri Velenju, prodamo posest, velikosti 8614 m2. Na posesti stojijo trije starejši objekti, stanovanjska hiša in dva nestanovanjska objekta, ki so pod spomeniškim varstvom. Na posest je pripeljan komunalni priključek za vodo in elektriko. Objekti so v slabem stanju in bo možna nadomestna gradnja.',NULL,'Kmetijsko zemljišče',1,'2018-06-08',35,3,3);
INSERT INTO `nepremicnina` (`idNepremicnina`,`cena`,`kvadraturaBivalnegaProstora`,`skupnaKvadratura`,`steviloSob`,`letoIzgradnje`,`nadstropje`,`letoPrenove`,`garaza`,`balkon`,`opis`,`vrstaHise`,`tipPosesti`,`prodano`,`datumObjave`,`tk_id_naslov`,`tk_id_vrstaNepremicnine`,`Agent_idAgent`) VALUES (22,109000,NULL,3112,NULL,NULL,NULL,NULL,NULL,NULL,'Zemljišče za poslovno-stanovanjsko gradnjo ob samem vstopu v predmestje Celja.',NULL,'Zazidljiva',0,'2018-06-08',37,3,3);


INSERT INTO `slika` (`idSlika`,`urlSlike`,`opisSlike`,`Nepremicnina_idNepremicnina`,`Agent_idAgent`) VALUES (1,?,'nekaj',NULL,2);
INSERT INTO `slika` (`idSlika`,`urlSlike`,`opisSlike`,`Nepremicnina_idNepremicnina`,`Agent_idAgent`) VALUES (2,?,'nekaj',NULL,1);
INSERT INTO `slika` (`idSlika`,`urlSlike`,`opisSlike`,`Nepremicnina_idNepremicnina`,`Agent_idAgent`) VALUES (3,?,'nekaj',NULL,3);
INSERT INTO `slika` (`idSlika`,`urlSlike`,`opisSlike`,`Nepremicnina_idNepremicnina`,`Agent_idAgent`) VALUES (4,?,'nekaj',NULL,4);
INSERT INTO `slika` (`idSlika`,`urlSlike`,`opisSlike`,`Nepremicnina_idNepremicnina`,`Agent_idAgent`) VALUES (5,?,'nekaj',NULL,5);
INSERT INTO `slika` (`idSlika`,`urlSlike`,`opisSlike`,`Nepremicnina_idNepremicnina`,`Agent_idAgent`) VALUES (6,?,'1_1.jpg',1,2);
INSERT INTO `slika` (`idSlika`,`urlSlike`,`opisSlike`,`Nepremicnina_idNepremicnina`,`Agent_idAgent`) VALUES (7,?,'1_2.jpg',1,2);
INSERT INTO `slika` (`idSlika`,`urlSlike`,`opisSlike`,`Nepremicnina_idNepremicnina`,`Agent_idAgent`) VALUES (8,?,'1_3.jpg',1,2);
INSERT INTO `slika` (`idSlika`,`urlSlike`,`opisSlike`,`Nepremicnina_idNepremicnina`,`Agent_idAgent`) VALUES (9,?,'1_4.jpg',1,2);
INSERT INTO `slika` (`idSlika`,`urlSlike`,`opisSlike`,`Nepremicnina_idNepremicnina`,`Agent_idAgent`) VALUES (10,?,'1_5.jpg',1,2);
INSERT INTO `slika` (`idSlika`,`urlSlike`,`opisSlike`,`Nepremicnina_idNepremicnina`,`Agent_idAgent`) VALUES (11,?,'1_6.jpg',1,2);
INSERT INTO `slika` (`idSlika`,`urlSlike`,`opisSlike`,`Nepremicnina_idNepremicnina`,`Agent_idAgent`) VALUES (12,?,'1_7.jpg',1,2);
INSERT INTO `slika` (`idSlika`,`urlSlike`,`opisSlike`,`Nepremicnina_idNepremicnina`,`Agent_idAgent`) VALUES (13,?,'1_1.jpg',2,2);
INSERT INTO `slika` (`idSlika`,`urlSlike`,`opisSlike`,`Nepremicnina_idNepremicnina`,`Agent_idAgent`) VALUES (14,?,'1_2.jpg',2,2);
INSERT INTO `slika` (`idSlika`,`urlSlike`,`opisSlike`,`Nepremicnina_idNepremicnina`,`Agent_idAgent`) VALUES (15,?,'1_3.jpg',2,2);
INSERT INTO `slika` (`idSlika`,`urlSlike`,`opisSlike`,`Nepremicnina_idNepremicnina`,`Agent_idAgent`) VALUES (16,?,'1_4.jpg',2,2);
INSERT INTO `slika` (`idSlika`,`urlSlike`,`opisSlike`,`Nepremicnina_idNepremicnina`,`Agent_idAgent`) VALUES (17,?,'1_5.jpg',2,2);
INSERT INTO `slika` (`idSlika`,`urlSlike`,`opisSlike`,`Nepremicnina_idNepremicnina`,`Agent_idAgent`) VALUES (18,?,'1_6.jpg',2,2);
INSERT INTO `slika` (`idSlika`,`urlSlike`,`opisSlike`,`Nepremicnina_idNepremicnina`,`Agent_idAgent`) VALUES (19,?,'1_7.jpg',2,2);
INSERT INTO `slika` (`idSlika`,`urlSlike`,`opisSlike`,`Nepremicnina_idNepremicnina`,`Agent_idAgent`) VALUES (20,?,'1_1.jpg',3,2);
INSERT INTO `slika` (`idSlika`,`urlSlike`,`opisSlike`,`Nepremicnina_idNepremicnina`,`Agent_idAgent`) VALUES (21,?,'1_2.jpg',3,2);
INSERT INTO `slika` (`idSlika`,`urlSlike`,`opisSlike`,`Nepremicnina_idNepremicnina`,`Agent_idAgent`) VALUES (22,?,'1_3.jpg',3,2);
INSERT INTO `slika` (`idSlika`,`urlSlike`,`opisSlike`,`Nepremicnina_idNepremicnina`,`Agent_idAgent`) VALUES (23,?,'1_4.jpg',3,2);
INSERT INTO `slika` (`idSlika`,`urlSlike`,`opisSlike`,`Nepremicnina_idNepremicnina`,`Agent_idAgent`) VALUES (24,?,'1_5.jpg',3,2);
INSERT INTO `slika` (`idSlika`,`urlSlike`,`opisSlike`,`Nepremicnina_idNepremicnina`,`Agent_idAgent`) VALUES (25,?,'1_6.jpg',3,2);
INSERT INTO `slika` (`idSlika`,`urlSlike`,`opisSlike`,`Nepremicnina_idNepremicnina`,`Agent_idAgent`) VALUES (26,?,'1_7.jpg',3,2);
INSERT INTO `slika` (`idSlika`,`urlSlike`,`opisSlike`,`Nepremicnina_idNepremicnina`,`Agent_idAgent`) VALUES (27,?,'2_1.jpg',4,1);
INSERT INTO `slika` (`idSlika`,`urlSlike`,`opisSlike`,`Nepremicnina_idNepremicnina`,`Agent_idAgent`) VALUES (28,?,'2_2.jpg',4,1);
INSERT INTO `slika` (`idSlika`,`urlSlike`,`opisSlike`,`Nepremicnina_idNepremicnina`,`Agent_idAgent`) VALUES (29,?,'2_3.jpg',4,1);
INSERT INTO `slika` (`idSlika`,`urlSlike`,`opisSlike`,`Nepremicnina_idNepremicnina`,`Agent_idAgent`) VALUES (30,?,'2_4.jpg',4,1);
INSERT INTO `slika` (`idSlika`,`urlSlike`,`opisSlike`,`Nepremicnina_idNepremicnina`,`Agent_idAgent`) VALUES (31,?,'2_5.jpg',4,1);
INSERT INTO `slika` (`idSlika`,`urlSlike`,`opisSlike`,`Nepremicnina_idNepremicnina`,`Agent_idAgent`) VALUES (32,?,'2_6.jpg',4,1);
INSERT INTO `slika` (`idSlika`,`urlSlike`,`opisSlike`,`Nepremicnina_idNepremicnina`,`Agent_idAgent`) VALUES (33,?,'2_1.jpg',5,1);
INSERT INTO `slika` (`idSlika`,`urlSlike`,`opisSlike`,`Nepremicnina_idNepremicnina`,`Agent_idAgent`) VALUES (34,?,'2_2.jpg',5,1);
INSERT INTO `slika` (`idSlika`,`urlSlike`,`opisSlike`,`Nepremicnina_idNepremicnina`,`Agent_idAgent`) VALUES (35,?,'2_3.jpg',5,1);
INSERT INTO `slika` (`idSlika`,`urlSlike`,`opisSlike`,`Nepremicnina_idNepremicnina`,`Agent_idAgent`) VALUES (36,?,'2_4.jpg',5,1);
INSERT INTO `slika` (`idSlika`,`urlSlike`,`opisSlike`,`Nepremicnina_idNepremicnina`,`Agent_idAgent`) VALUES (37,?,'2_5.jpg',5,1);
INSERT INTO `slika` (`idSlika`,`urlSlike`,`opisSlike`,`Nepremicnina_idNepremicnina`,`Agent_idAgent`) VALUES (38,?,'2_6.jpg',5,1);
INSERT INTO `slika` (`idSlika`,`urlSlike`,`opisSlike`,`Nepremicnina_idNepremicnina`,`Agent_idAgent`) VALUES (39,?,'2_7.jpg',5,1);
INSERT INTO `slika` (`idSlika`,`urlSlike`,`opisSlike`,`Nepremicnina_idNepremicnina`,`Agent_idAgent`) VALUES (40,?,'2_1.jpg',6,1);
INSERT INTO `slika` (`idSlika`,`urlSlike`,`opisSlike`,`Nepremicnina_idNepremicnina`,`Agent_idAgent`) VALUES (41,?,'2_2.jpg',6,1);
INSERT INTO `slika` (`idSlika`,`urlSlike`,`opisSlike`,`Nepremicnina_idNepremicnina`,`Agent_idAgent`) VALUES (42,?,'2_3.jpg',6,1);
INSERT INTO `slika` (`idSlika`,`urlSlike`,`opisSlike`,`Nepremicnina_idNepremicnina`,`Agent_idAgent`) VALUES (43,?,'2_4.jpg',6,1);
INSERT INTO `slika` (`idSlika`,`urlSlike`,`opisSlike`,`Nepremicnina_idNepremicnina`,`Agent_idAgent`) VALUES (44,?,'2_5.jpg',6,1);
INSERT INTO `slika` (`idSlika`,`urlSlike`,`opisSlike`,`Nepremicnina_idNepremicnina`,`Agent_idAgent`) VALUES (45,?,'2_6.jpg',6,1);
INSERT INTO `slika` (`idSlika`,`urlSlike`,`opisSlike`,`Nepremicnina_idNepremicnina`,`Agent_idAgent`) VALUES (46,?,'2_7.jpg',6,1);
INSERT INTO `slika` (`idSlika`,`urlSlike`,`opisSlike`,`Nepremicnina_idNepremicnina`,`Agent_idAgent`) VALUES (47,?,'2_8.jpg',6,1);
INSERT INTO `slika` (`idSlika`,`urlSlike`,`opisSlike`,`Nepremicnina_idNepremicnina`,`Agent_idAgent`) VALUES (48,?,'2_9.jpg',6,1);
INSERT INTO `slika` (`idSlika`,`urlSlike`,`opisSlike`,`Nepremicnina_idNepremicnina`,`Agent_idAgent`) VALUES (49,?,'3_1.jpg',7,4);
INSERT INTO `slika` (`idSlika`,`urlSlike`,`opisSlike`,`Nepremicnina_idNepremicnina`,`Agent_idAgent`) VALUES (50,?,'3_2.jpg',7,4);
INSERT INTO `slika` (`idSlika`,`urlSlike`,`opisSlike`,`Nepremicnina_idNepremicnina`,`Agent_idAgent`) VALUES (51,?,'3_3.jpg',7,4);
INSERT INTO `slika` (`idSlika`,`urlSlike`,`opisSlike`,`Nepremicnina_idNepremicnina`,`Agent_idAgent`) VALUES (52,?,'3_4.jpg',7,4);
INSERT INTO `slika` (`idSlika`,`urlSlike`,`opisSlike`,`Nepremicnina_idNepremicnina`,`Agent_idAgent`) VALUES (53,?,'3_5.jpg',7,4);
INSERT INTO `slika` (`idSlika`,`urlSlike`,`opisSlike`,`Nepremicnina_idNepremicnina`,`Agent_idAgent`) VALUES (54,?,'3_6.jpg',7,4);
INSERT INTO `slika` (`idSlika`,`urlSlike`,`opisSlike`,`Nepremicnina_idNepremicnina`,`Agent_idAgent`) VALUES (55,?,'3_7.jpg',7,4);
INSERT INTO `slika` (`idSlika`,`urlSlike`,`opisSlike`,`Nepremicnina_idNepremicnina`,`Agent_idAgent`) VALUES (56,?,'3_8.jpg',7,4);
INSERT INTO `slika` (`idSlika`,`urlSlike`,`opisSlike`,`Nepremicnina_idNepremicnina`,`Agent_idAgent`) VALUES (57,?,'3_1.jpg',8,4);
INSERT INTO `slika` (`idSlika`,`urlSlike`,`opisSlike`,`Nepremicnina_idNepremicnina`,`Agent_idAgent`) VALUES (58,?,'3_2.jpg',8,4);
INSERT INTO `slika` (`idSlika`,`urlSlike`,`opisSlike`,`Nepremicnina_idNepremicnina`,`Agent_idAgent`) VALUES (59,?,'3_3.jpg',8,4);
INSERT INTO `slika` (`idSlika`,`urlSlike`,`opisSlike`,`Nepremicnina_idNepremicnina`,`Agent_idAgent`) VALUES (60,?,'3_4.jpg',8,4);
INSERT INTO `slika` (`idSlika`,`urlSlike`,`opisSlike`,`Nepremicnina_idNepremicnina`,`Agent_idAgent`) VALUES (61,?,'3_5.jpg',8,4);
INSERT INTO `slika` (`idSlika`,`urlSlike`,`opisSlike`,`Nepremicnina_idNepremicnina`,`Agent_idAgent`) VALUES (62,?,'3_6.jpg',8,4);
INSERT INTO `slika` (`idSlika`,`urlSlike`,`opisSlike`,`Nepremicnina_idNepremicnina`,`Agent_idAgent`) VALUES (63,?,'3_7.jpg',8,4);
INSERT INTO `slika` (`idSlika`,`urlSlike`,`opisSlike`,`Nepremicnina_idNepremicnina`,`Agent_idAgent`) VALUES (64,?,'3_8.jpg',8,4);
INSERT INTO `slika` (`idSlika`,`urlSlike`,`opisSlike`,`Nepremicnina_idNepremicnina`,`Agent_idAgent`) VALUES (65,?,'3_1.jpg',9,4);
INSERT INTO `slika` (`idSlika`,`urlSlike`,`opisSlike`,`Nepremicnina_idNepremicnina`,`Agent_idAgent`) VALUES (66,?,'3_2.jpg',9,4);
INSERT INTO `slika` (`idSlika`,`urlSlike`,`opisSlike`,`Nepremicnina_idNepremicnina`,`Agent_idAgent`) VALUES (67,?,'3_3.jpg',9,4);
INSERT INTO `slika` (`idSlika`,`urlSlike`,`opisSlike`,`Nepremicnina_idNepremicnina`,`Agent_idAgent`) VALUES (68,?,'3_4.jpg',9,4);
INSERT INTO `slika` (`idSlika`,`urlSlike`,`opisSlike`,`Nepremicnina_idNepremicnina`,`Agent_idAgent`) VALUES (69,?,'3_5.jpg',9,4);
INSERT INTO `slika` (`idSlika`,`urlSlike`,`opisSlike`,`Nepremicnina_idNepremicnina`,`Agent_idAgent`) VALUES (70,?,'3_6.jpg',9,4);
INSERT INTO `slika` (`idSlika`,`urlSlike`,`opisSlike`,`Nepremicnina_idNepremicnina`,`Agent_idAgent`) VALUES (71,?,'3_7.jpg',9,4);
INSERT INTO `slika` (`idSlika`,`urlSlike`,`opisSlike`,`Nepremicnina_idNepremicnina`,`Agent_idAgent`) VALUES (72,?,'4_1.jpg',10,5);
INSERT INTO `slika` (`idSlika`,`urlSlike`,`opisSlike`,`Nepremicnina_idNepremicnina`,`Agent_idAgent`) VALUES (73,?,'4_2.jpg',10,5);
INSERT INTO `slika` (`idSlika`,`urlSlike`,`opisSlike`,`Nepremicnina_idNepremicnina`,`Agent_idAgent`) VALUES (74,?,'4_3.jpg',10,5);
INSERT INTO `slika` (`idSlika`,`urlSlike`,`opisSlike`,`Nepremicnina_idNepremicnina`,`Agent_idAgent`) VALUES (75,?,'4_4.jpg',10,5);
INSERT INTO `slika` (`idSlika`,`urlSlike`,`opisSlike`,`Nepremicnina_idNepremicnina`,`Agent_idAgent`) VALUES (76,?,'4_5.jpg',10,5);
INSERT INTO `slika` (`idSlika`,`urlSlike`,`opisSlike`,`Nepremicnina_idNepremicnina`,`Agent_idAgent`) VALUES (77,?,'4_6.jpg',10,5);
INSERT INTO `slika` (`idSlika`,`urlSlike`,`opisSlike`,`Nepremicnina_idNepremicnina`,`Agent_idAgent`) VALUES (78,?,'4_7.jpg',10,5);
INSERT INTO `slika` (`idSlika`,`urlSlike`,`opisSlike`,`Nepremicnina_idNepremicnina`,`Agent_idAgent`) VALUES (79,?,'4_1.jpg',11,5);
INSERT INTO `slika` (`idSlika`,`urlSlike`,`opisSlike`,`Nepremicnina_idNepremicnina`,`Agent_idAgent`) VALUES (80,?,'4_2.jpg',11,5);
INSERT INTO `slika` (`idSlika`,`urlSlike`,`opisSlike`,`Nepremicnina_idNepremicnina`,`Agent_idAgent`) VALUES (81,?,'4_3.jpg',11,5);
INSERT INTO `slika` (`idSlika`,`urlSlike`,`opisSlike`,`Nepremicnina_idNepremicnina`,`Agent_idAgent`) VALUES (82,?,'4_4.jpg',11,5);
INSERT INTO `slika` (`idSlika`,`urlSlike`,`opisSlike`,`Nepremicnina_idNepremicnina`,`Agent_idAgent`) VALUES (83,?,'4_5.jpg',11,5);
INSERT INTO `slika` (`idSlika`,`urlSlike`,`opisSlike`,`Nepremicnina_idNepremicnina`,`Agent_idAgent`) VALUES (84,?,'4_6.jpg',11,5);
INSERT INTO `slika` (`idSlika`,`urlSlike`,`opisSlike`,`Nepremicnina_idNepremicnina`,`Agent_idAgent`) VALUES (85,?,'4_7.jpg',11,5);
INSERT INTO `slika` (`idSlika`,`urlSlike`,`opisSlike`,`Nepremicnina_idNepremicnina`,`Agent_idAgent`) VALUES (86,?,'4_1.jpg',12,5);
INSERT INTO `slika` (`idSlika`,`urlSlike`,`opisSlike`,`Nepremicnina_idNepremicnina`,`Agent_idAgent`) VALUES (87,?,'4_2.jpg',12,5);
INSERT INTO `slika` (`idSlika`,`urlSlike`,`opisSlike`,`Nepremicnina_idNepremicnina`,`Agent_idAgent`) VALUES (88,?,'4_3.jpg',12,5);
INSERT INTO `slika` (`idSlika`,`urlSlike`,`opisSlike`,`Nepremicnina_idNepremicnina`,`Agent_idAgent`) VALUES (89,?,'4_4.jpg',12,5);
INSERT INTO `slika` (`idSlika`,`urlSlike`,`opisSlike`,`Nepremicnina_idNepremicnina`,`Agent_idAgent`) VALUES (90,?,'4_5.jpg',12,5);
INSERT INTO `slika` (`idSlika`,`urlSlike`,`opisSlike`,`Nepremicnina_idNepremicnina`,`Agent_idAgent`) VALUES (91,?,'4_6.jpg',12,5);
INSERT INTO `slika` (`idSlika`,`urlSlike`,`opisSlike`,`Nepremicnina_idNepremicnina`,`Agent_idAgent`) VALUES (92,?,'4_7.jpg',12,5);
INSERT INTO `slika` (`idSlika`,`urlSlike`,`opisSlike`,`Nepremicnina_idNepremicnina`,`Agent_idAgent`) VALUES (93,?,'8_1.jpg',13,4);
INSERT INTO `slika` (`idSlika`,`urlSlike`,`opisSlike`,`Nepremicnina_idNepremicnina`,`Agent_idAgent`) VALUES (94,?,'8_2.jpg',13,4);
INSERT INTO `slika` (`idSlika`,`urlSlike`,`opisSlike`,`Nepremicnina_idNepremicnina`,`Agent_idAgent`) VALUES (95,?,'8_3.jpg',13,4);
INSERT INTO `slika` (`idSlika`,`urlSlike`,`opisSlike`,`Nepremicnina_idNepremicnina`,`Agent_idAgent`) VALUES (96,?,'5_1.jpg',14,3);
INSERT INTO `slika` (`idSlika`,`urlSlike`,`opisSlike`,`Nepremicnina_idNepremicnina`,`Agent_idAgent`) VALUES (97,?,'5_2.jpg',14,3);
INSERT INTO `slika` (`idSlika`,`urlSlike`,`opisSlike`,`Nepremicnina_idNepremicnina`,`Agent_idAgent`) VALUES (98,?,'5_3.jpg',14,3);
INSERT INTO `slika` (`idSlika`,`urlSlike`,`opisSlike`,`Nepremicnina_idNepremicnina`,`Agent_idAgent`) VALUES (99,?,'5_4.jpg',14,3);
INSERT INTO `slika` (`idSlika`,`urlSlike`,`opisSlike`,`Nepremicnina_idNepremicnina`,`Agent_idAgent`) VALUES (100,?,'5_5.jpg',14,3);
INSERT INTO `slika` (`idSlika`,`urlSlike`,`opisSlike`,`Nepremicnina_idNepremicnina`,`Agent_idAgent`) VALUES (101,?,'5_6.jpg',14,3);
INSERT INTO `slika` (`idSlika`,`urlSlike`,`opisSlike`,`Nepremicnina_idNepremicnina`,`Agent_idAgent`) VALUES (102,?,'5_7.jpg',14,3);
INSERT INTO `slika` (`idSlika`,`urlSlike`,`opisSlike`,`Nepremicnina_idNepremicnina`,`Agent_idAgent`) VALUES (103,?,'6_1.jpg',15,3);
INSERT INTO `slika` (`idSlika`,`urlSlike`,`opisSlike`,`Nepremicnina_idNepremicnina`,`Agent_idAgent`) VALUES (104,?,'6_2.jpg',15,3);
INSERT INTO `slika` (`idSlika`,`urlSlike`,`opisSlike`,`Nepremicnina_idNepremicnina`,`Agent_idAgent`) VALUES (105,?,'6_3.jpg',15,3);
INSERT INTO `slika` (`idSlika`,`urlSlike`,`opisSlike`,`Nepremicnina_idNepremicnina`,`Agent_idAgent`) VALUES (106,?,'6_4.jpg',15,3);
INSERT INTO `slika` (`idSlika`,`urlSlike`,`opisSlike`,`Nepremicnina_idNepremicnina`,`Agent_idAgent`) VALUES (107,?,'6_5.jpg',15,3);
INSERT INTO `slika` (`idSlika`,`urlSlike`,`opisSlike`,`Nepremicnina_idNepremicnina`,`Agent_idAgent`) VALUES (108,?,'6_6.jpg',15,3);
INSERT INTO `slika` (`idSlika`,`urlSlike`,`opisSlike`,`Nepremicnina_idNepremicnina`,`Agent_idAgent`) VALUES (109,?,'6_7.jpg',15,3);
INSERT INTO `slika` (`idSlika`,`urlSlike`,`opisSlike`,`Nepremicnina_idNepremicnina`,`Agent_idAgent`) VALUES (110,?,'7_1.jpg',16,3);
INSERT INTO `slika` (`idSlika`,`urlSlike`,`opisSlike`,`Nepremicnina_idNepremicnina`,`Agent_idAgent`) VALUES (111,?,'7_2.jpg',16,3);
INSERT INTO `slika` (`idSlika`,`urlSlike`,`opisSlike`,`Nepremicnina_idNepremicnina`,`Agent_idAgent`) VALUES (112,?,'7_3.jpg',16,3);
INSERT INTO `slika` (`idSlika`,`urlSlike`,`opisSlike`,`Nepremicnina_idNepremicnina`,`Agent_idAgent`) VALUES (113,?,'7_4.jpg',16,3);
INSERT INTO `slika` (`idSlika`,`urlSlike`,`opisSlike`,`Nepremicnina_idNepremicnina`,`Agent_idAgent`) VALUES (114,?,'7_5.jpg',16,3);
INSERT INTO `slika` (`idSlika`,`urlSlike`,`opisSlike`,`Nepremicnina_idNepremicnina`,`Agent_idAgent`) VALUES (115,?,'7_6.jpg',16,3);
INSERT INTO `slika` (`idSlika`,`urlSlike`,`opisSlike`,`Nepremicnina_idNepremicnina`,`Agent_idAgent`) VALUES (116,?,'7_7.jpg',16,3);
INSERT INTO `slika` (`idSlika`,`urlSlike`,`opisSlike`,`Nepremicnina_idNepremicnina`,`Agent_idAgent`) VALUES (117,?,'5_1.jpg',17,3);
INSERT INTO `slika` (`idSlika`,`urlSlike`,`opisSlike`,`Nepremicnina_idNepremicnina`,`Agent_idAgent`) VALUES (118,?,'5_2.jpg',17,3);
INSERT INTO `slika` (`idSlika`,`urlSlike`,`opisSlike`,`Nepremicnina_idNepremicnina`,`Agent_idAgent`) VALUES (119,?,'5_3.jpg',17,3);
INSERT INTO `slika` (`idSlika`,`urlSlike`,`opisSlike`,`Nepremicnina_idNepremicnina`,`Agent_idAgent`) VALUES (120,?,'5_4.jpg',17,3);
INSERT INTO `slika` (`idSlika`,`urlSlike`,`opisSlike`,`Nepremicnina_idNepremicnina`,`Agent_idAgent`) VALUES (121,?,'5_5.jpg',17,3);
INSERT INTO `slika` (`idSlika`,`urlSlike`,`opisSlike`,`Nepremicnina_idNepremicnina`,`Agent_idAgent`) VALUES (122,?,'5_6.jpg',17,3);
INSERT INTO `slika` (`idSlika`,`urlSlike`,`opisSlike`,`Nepremicnina_idNepremicnina`,`Agent_idAgent`) VALUES (123,?,'6_1.jpg',18,3);
INSERT INTO `slika` (`idSlika`,`urlSlike`,`opisSlike`,`Nepremicnina_idNepremicnina`,`Agent_idAgent`) VALUES (124,?,'6_2.jpg',18,3);
INSERT INTO `slika` (`idSlika`,`urlSlike`,`opisSlike`,`Nepremicnina_idNepremicnina`,`Agent_idAgent`) VALUES (125,?,'6_3.jpg',18,3);
INSERT INTO `slika` (`idSlika`,`urlSlike`,`opisSlike`,`Nepremicnina_idNepremicnina`,`Agent_idAgent`) VALUES (126,?,'6_4.jpg',18,3);
INSERT INTO `slika` (`idSlika`,`urlSlike`,`opisSlike`,`Nepremicnina_idNepremicnina`,`Agent_idAgent`) VALUES (127,?,'6_5.jpg',18,3);
INSERT INTO `slika` (`idSlika`,`urlSlike`,`opisSlike`,`Nepremicnina_idNepremicnina`,`Agent_idAgent`) VALUES (128,?,'6_6.jpg',18,3);
INSERT INTO `slika` (`idSlika`,`urlSlike`,`opisSlike`,`Nepremicnina_idNepremicnina`,`Agent_idAgent`) VALUES (129,?,'6_7.jpg',18,3);
INSERT INTO `slika` (`idSlika`,`urlSlike`,`opisSlike`,`Nepremicnina_idNepremicnina`,`Agent_idAgent`) VALUES (130,?,'7_1.jpg',19,3);
INSERT INTO `slika` (`idSlika`,`urlSlike`,`opisSlike`,`Nepremicnina_idNepremicnina`,`Agent_idAgent`) VALUES (131,?,'7_2.jpg',19,3);
INSERT INTO `slika` (`idSlika`,`urlSlike`,`opisSlike`,`Nepremicnina_idNepremicnina`,`Agent_idAgent`) VALUES (132,?,'7_3.jpg',19,3);
INSERT INTO `slika` (`idSlika`,`urlSlike`,`opisSlike`,`Nepremicnina_idNepremicnina`,`Agent_idAgent`) VALUES (133,?,'7_4.jpg',19,3);
INSERT INTO `slika` (`idSlika`,`urlSlike`,`opisSlike`,`Nepremicnina_idNepremicnina`,`Agent_idAgent`) VALUES (134,?,'7_5.jpg',19,3);
INSERT INTO `slika` (`idSlika`,`urlSlike`,`opisSlike`,`Nepremicnina_idNepremicnina`,`Agent_idAgent`) VALUES (135,?,'7_6.jpg',19,3);
INSERT INTO `slika` (`idSlika`,`urlSlike`,`opisSlike`,`Nepremicnina_idNepremicnina`,`Agent_idAgent`) VALUES (136,?,'7_7.jpg',19,3);
INSERT INTO `slika` (`idSlika`,`urlSlike`,`opisSlike`,`Nepremicnina_idNepremicnina`,`Agent_idAgent`) VALUES (137,?,'5_1.jpg',20,3);
INSERT INTO `slika` (`idSlika`,`urlSlike`,`opisSlike`,`Nepremicnina_idNepremicnina`,`Agent_idAgent`) VALUES (138,?,'5_2.jpg',20,3);
INSERT INTO `slika` (`idSlika`,`urlSlike`,`opisSlike`,`Nepremicnina_idNepremicnina`,`Agent_idAgent`) VALUES (139,?,'5_3.jpg',20,3);
INSERT INTO `slika` (`idSlika`,`urlSlike`,`opisSlike`,`Nepremicnina_idNepremicnina`,`Agent_idAgent`) VALUES (140,?,'5_4.jpg',20,3);
INSERT INTO `slika` (`idSlika`,`urlSlike`,`opisSlike`,`Nepremicnina_idNepremicnina`,`Agent_idAgent`) VALUES (141,?,'5_5.jpg',20,3);
INSERT INTO `slika` (`idSlika`,`urlSlike`,`opisSlike`,`Nepremicnina_idNepremicnina`,`Agent_idAgent`) VALUES (142,?,'5_6.jpg',20,3);
INSERT INTO `slika` (`idSlika`,`urlSlike`,`opisSlike`,`Nepremicnina_idNepremicnina`,`Agent_idAgent`) VALUES (143,?,'6_1.jpg',21,3);
INSERT INTO `slika` (`idSlika`,`urlSlike`,`opisSlike`,`Nepremicnina_idNepremicnina`,`Agent_idAgent`) VALUES (144,?,'6_2.jpg',21,3);
INSERT INTO `slika` (`idSlika`,`urlSlike`,`opisSlike`,`Nepremicnina_idNepremicnina`,`Agent_idAgent`) VALUES (145,?,'6_3.jpg',21,3);
INSERT INTO `slika` (`idSlika`,`urlSlike`,`opisSlike`,`Nepremicnina_idNepremicnina`,`Agent_idAgent`) VALUES (146,?,'6_4.jpg',21,3);
INSERT INTO `slika` (`idSlika`,`urlSlike`,`opisSlike`,`Nepremicnina_idNepremicnina`,`Agent_idAgent`) VALUES (147,?,'6_5.jpg',21,3);
INSERT INTO `slika` (`idSlika`,`urlSlike`,`opisSlike`,`Nepremicnina_idNepremicnina`,`Agent_idAgent`) VALUES (148,?,'6_6.jpg',21,3);
INSERT INTO `slika` (`idSlika`,`urlSlike`,`opisSlike`,`Nepremicnina_idNepremicnina`,`Agent_idAgent`) VALUES (149,?,'6_7.jpg',21,3);
INSERT INTO `slika` (`idSlika`,`urlSlike`,`opisSlike`,`Nepremicnina_idNepremicnina`,`Agent_idAgent`) VALUES (150,?,'7_1.jpg',22,3);
INSERT INTO `slika` (`idSlika`,`urlSlike`,`opisSlike`,`Nepremicnina_idNepremicnina`,`Agent_idAgent`) VALUES (151,?,'7_2.jpg',22,3);
INSERT INTO `slika` (`idSlika`,`urlSlike`,`opisSlike`,`Nepremicnina_idNepremicnina`,`Agent_idAgent`) VALUES (152,?,'7_3.jpg',22,3);
INSERT INTO `slika` (`idSlika`,`urlSlike`,`opisSlike`,`Nepremicnina_idNepremicnina`,`Agent_idAgent`) VALUES (153,?,'7_4.jpg',22,3);
INSERT INTO `slika` (`idSlika`,`urlSlike`,`opisSlike`,`Nepremicnina_idNepremicnina`,`Agent_idAgent`) VALUES (154,?,'7_5.jpg',22,3);
INSERT INTO `slika` (`idSlika`,`urlSlike`,`opisSlike`,`Nepremicnina_idNepremicnina`,`Agent_idAgent`) VALUES (155,?,'7_6.jpg',22,3);
INSERT INTO `slika` (`idSlika`,`urlSlike`,`opisSlike`,`Nepremicnina_idNepremicnina`,`Agent_idAgent`) VALUES (156,?,'7_7.jpg',22,3);
